{"accuracy": 0.6825396825396826, "precision": 0.7063492063492064, "recall": 0.7946428571428571, "f1_score": 0.7478991596638656}